name;stars;pr merged;main language;releases;age in days;minutes w/o update;% closed issues;id
freeCodeCamp;365122;19703;TypeScript;0;3046;57.46368388333334;99.0;1
free-programming-books;277509;5618;;0;3485;7.813684333333333;97.0;2
996.ICU;265653;1063;;0;1493;105.94701794999999;0.0;3
coding-interview-university;255576;364;;0;2516;25.08035153333333;89.0;4
awesome;251342;614;;0;3212;11.6136851;93.0;5
developer-roadmap;238106;1516;Astro;1;2234;28.063685333333336;75.0;6
public-apis;237673;1871;Python;0;2594;6.413685566666667;90.0;7
system-design-primer;218750;196;Python;0;2251;24.48035245;29.0;8
react;206508;9049;JavaScript;99;3625;5.663686;92.0;9
vue;203349;1119;TypeScript;245;3559;5.74701955;96.0;10
build-your-own-x;199333;113;;0;1814;5.1303531;69.0;11
tensorflow;173827;15903;C++;188;2728;6.280353316666666;95.0;12
javascript-algorithms;169160;282;JavaScript;0;1860;7.630353533333333;65.0;13
You-Dont-Know-JS;167117;356;;0;3449;165.3303537333333;91.0;14
awesome-python;165931;533;Python;0;3226;4.93035395;96.0;15
CS-Notes;163760;375;;0;1899;5.3136875;79.0;16
bootstrap;163113;8320;JavaScript;85;4290;8.813687700000001;99.0;17
ohmyzsh;158216;2877;Shell;0;4990;45.36368795;95.0;18
Python;157943;2204;Python;0;2476;7.2470215;98.0;19
flutter;152562;30832;Dart;0;2974;15.763688383333333;86.0;20
linux;150430;9;C;0;4253;6.180355266666667;0.0;21
gitignore;147335;1523;;0;4553;91.49702223333334;0.0;22
vscode;145537;16773;TypeScript;98;2793;13.130355799999998;96.0;23
computer-science;138456;240;;0;3280;20.297022666666667;98.0;24
the-art-of-command-line;135527;313;;0;2899;35.297022883333334;55.0;25
Python-100-Days;135262;12;Python;0;1883;96.99702309999999;17.0;26
javascript;133441;792;JavaScript;0;3829;6.1636899666666665;92.0;27
JavaGuide;133197;798;Java;0;1816;7.6970235;92.0;28
awesome-selfhosted;128888;2158;Makefile;0;2887;20.063690366666666;93.0;29
youtube-dl;119918;1603;Python;341;4561;8.880357233333333;85.0;30
Auto-GPT;117483;525;Python;7;42;4.713690766666667;75.0;31
fucking-algorithm;115692;225;Markdown;1;1163;37.96369096666667;58.0;32
30-seconds-of-code;110913;755;JavaScript;4;1975;22.66369116666667;100.0;33
go;110792;1;Go;0;3173;4.98035805;86.0;34
react-native;109217;685;Java;252;3030;10.847024916666667;93.0;35
electron;107066;16962;C++;1000;3667;102.64702511666665;95.0;36
d3;105155;439;JavaScript;192;4595;35.997025316666665;100.0;37
next.js;105124;12297;JavaScript;1000;2395;50.44702551666667;90.0;38
free-programming-books-zh_CN;102085;280;;3;3461;16.580359050000002;0.0;39
awesome-go;100561;2944;Go;0;3217;44.34702591666667;99.0;40
project-based-learning;100280;182;;0;2206;7.93035945;77.0;41
axios;99953;744;JavaScript;60;3174;50.4470263;91.0;42
create-react-app;99582;1942;JavaScript;83;2475;91.49702649999999;81.0;43
kubernetes;97913;54899;Go;598;3247;7.8970267;96.0;44
transformers;96872;9253;Python;115;1641;18.580360233333334;95.0;45
the-book-of-secret-knowledge;96275;122;;0;1769;10.530360433333334;0.0;46
node;95010;6100;JavaScript;340;3074;7.3970273;92.0;47
three.js;91120;10768;JavaScript;144;4783;115.86369418333334;97.0;48
TypeScript;90719;12956;TypeScript;175;3236;15.080361049999999;84.0;49
tech-interview-handbook;90069;433;TypeScript;0;2487;11.98036125;78.0;50
PowerToys;90033;3897;C#;79;1457;54.7636948;77.0;51
deno;89103;8282;Rust;224;1808;25.480361683333335;84.0;52
nodebestpractices;88885;754;Dockerfile;0;2050;13.680361883333335;92.0;53
terminal;88536;3170;C++;89;2085;30.930362116666668;87.0;54
angular;87727;3358;TypeScript;268;3143;34.18036315;95.0;55
material-ui;86108;15361;JavaScript;405;3174;15.613697266666666;93.0;56
ant-design;85626;10924;TypeScript;575;2925;334.9803648166666;97.0;57
puppeteer;82898;3189;TypeScript;217;2179;33.68036528333333;96.0;58
vue-element-admin;82046;313;Vue;49;2201;25.2136989;66.0;59
clean-code-javascript;81827;149;JavaScript;0;2344;26.047032466666668;59.0;60
scrcpy;81637;66;C;30;1983;89.36369934999999;63.0;61
java-design-patterns;81307;1078;Java;0;3183;14.763699566666666;78.0;62
rust;80752;47226;Rust;112;4698;15.313699783333334;82.0;63
storybook;78244;8200;TypeScript;1000;2596;5.463700033333334;81.0;64
animate.css;77668;313;CSS;22;4215;8.113700266666667;97.0;65
thefuck;77084;478;Python;17;2941;80.18036756666667;68.0;66
models;75691;2296;Jupyter Notebook;32;2638;162.9637014666667;86.0;67
realworld;74137;383;TypeScript;0;2617;10.930368516666666;90.0;68
laravel;73250;1497;PHP;140;4341;21.4970355;0.0;69
LeetCodeAnimation;72930;63;Java;0;1603;116.04703583333334;71.0;70
papers-we-love;71686;418;Shell;0;3420;27.51370285;93.0;71
Font-Awesome;71346;197;JavaScript;51;4087;70.78037018333333;72.0;72
awesome-chatgpt-prompts;70550;104;HTML;0;143;4.9137039499999995;0.0;73
every-programmer-should-know;70522;98;;0;2072;135.03037088333335;43.0;74
django;70116;8116;Python;0;4016;56.86370491666666;0.0;75
FiraCode;69830;128;Clojure;29;3089;8.830372066666666;72.0;76
advanced-java;69777;75;Java;1;1664;159.54703903333333;99.0;77
stable-diffusion-webui;69766;933;Python;1;248;6.013705983333334;60.0;78
free-for-dev;69304;2173;HTML;0;2962;70.89703955;0.0;79
bitcoin;69288;12845;C++;40;4512;134.41370643333332;95.0;80
tailwindcss;67662;1739;HTML;212;2029;87.43037331666666;100.0;81
svelte;67279;2643;TypeScript;0;2349;33.68037351666667;85.0;82
spring-boot;66907;42;Java;169;3842;44.280373733333334;98.0;83
hugo;66790;1933;Go;218;3584;21.83037393333333;90.0;84
nvm;66632;680;Shell;62;4760;13.763708733333335;84.0;85
nvm;66632;680;Shell;62;4760;13.763707483333333;84.0;86
json-server;66601;110;JavaScript;13;3438;25.847041016666665;45.0;87
json-server;66601;110;JavaScript;13;3438;25.847042266666666;45.0;88
pytorch;66105;5404;Python;44;2448;57.44704123333334;67.0;89
pytorch;66105;5404;Python;44;2448;57.447042483333334;67.0;90
moby;65796;18258;Go;127;3751;82.36370936666667;82.0;91
moby;65796;18258;Go;127;3751;82.3637081;82.0;92
mall;65790;0;Java;2;1849;6.980374983333333;94.0;93
mall;65790;0;Java;2;1849;6.980376233333333;94.0;94
neovim;65325;9714;Vim Script;32;3373;5.9303752;86.0;95
neovim;65325;9714;Vim Script;32;3373;5.93037645;86.0;96
Front-End-Checklist;64943;172;;1;2019;59.04704331666667;97.0;97
app-ideas;64362;149;;0;1522;64.33037685000001;33.0;98
Awesome-Hacking;64266;27;;0;2584;18.530377066666667;0.0;99
iptv;64172;5344;JavaScript;0;1625;15.34704395;92.0;100
reveal.js;63610;373;JavaScript;40;4342;30.830377483333333;71.0;101
elasticsearch;63544;54805;Java;109;4826;142.71371101666668;89.0;102
webpack;63006;4303;JavaScript;391;4065;86.61371123333333;98.0;103
tauri;62817;2995;Rust;541;1384;4.413711433333333;83.0;104
flask;62742;1475;Python;27;4769;94.1303783;100.0;105
netdata;62723;6562;C;61;3601;225.58037851666668;97.0;106
swift;62460;42227;C++;47;2743;12.197045383333334;57.0;107
GitHub-Chinese-Top-Charts;61464;0;Java;0;1330;20.46371226666667;57.0;108
godot;60805;26977;C++;45;3400;21.130379133333335;81.0;109
express;60704;268;JavaScript;147;5053;45.09704605;97.0;110
Chart.js;60446;2870;JavaScript;102;3693;55.94704625;97.0;111
code-server;60114;1290;TypeScript;107;1520;101.08037978333333;92.0;112
awesome-mac;60089;738;JavaScript;6;2475;16.43038;73.0;113
resume.github.com;59824;84;JavaScript;0;4463;62.64704686666666;54.0;114
core;59785;45651;Python;1000;3509;106.31371373333333;94.0;115
interviews;59657;42;Java;0;2263;120.39704728333332;40.0;116
redis;59647;3282;C;51;5150;21.11371415;69.0;117
redux;59527;1606;TypeScript;72;2890;51.747047683333335;98.0;118
atom;59316;3937;JavaScript;538;4115;258.2303812166667;94.0;119
angular.js;59186;789;JavaScript;0;4859;368.1137147666667;96.0;120
protobuf;59144;4213;C++;125;3166;45.16371496666667;88.0;121
awesome-machine-learning;58666;788;Python;0;3208;336.81371516666667;100.0;122
markdown-here;58664;20;JavaScript;11;4001;213.19704871666667;51.0;123
keras;58152;2825;Python;47;2952;90.23038225;98.0;124
socket.io;58112;415;TypeScript;55;4795;104.56371578333332;97.0;125
architect-awesome;57941;49;;0;1847;43.34704931666667;31.0;126
jquery;57422;615;JavaScript;6;5137;299.5137161833334;97.0;127
fastapi;57231;1193;Python;149;1601;39.43038305;99.0;128
ansible;57159;36655;Python;10;4069;8.697049933333334;98.0;129
mermaid;57066;1579;JavaScript;105;3099;15.713716833333333;65.0;130
Front-end-Developer-Interview-Questions;56968;440;Nunjucks;0;4095;110.98038369999999;97.0;131
nocode;56516;1;Dockerfile;1;1906;120.91371725;14.0;132
shadowsocks-windows;56419;278;C#;55;3755;120.26371745;96.0;133
nest;56216;5039;TypeScript;84;2273;57.563717649999994;99.0;134
lodash;56189;573;JavaScript;2;4037;4.530384516666667;92.0;135
the-algorithm;56119;2;Scala;0;31;8.01371805;83.0;136
33-js-concepts;55937;164;JavaScript;0;1696;119.0970516;69.0;137
vite;55669;3289;TypeScript;291;1101;19.16371846666667;93.0;138
cs-video-courses;55265;126;;0;2379;31.847052;89.0;139
awesome-react;55089;770;;0;3186;45.53038553333333;98.0;140
strapi;53409;6127;JavaScript;275;2766;11.8803878;96.0;141
element;53319;3221;Vue;144;2427;352.01372133333336;87.0;142
HowToCook;53107;461;HTML;1;1153;27.163721549999998;43.0;143
rails;52713;21281;Ruby;93;5494;15.16372175;98.0;144
stable-diffusion;52608;5;Jupyter Notebook;0;260;11.16372195;28.0;145
clash_for_windows_pkg;52571;7;;196;1652;17.2470555;94.0;146
cpython;52149;32787;Python;0;2267;68.99705569999999;89.0;147
fzf;51842;376;Go;26;3473;34.19705591666666;89.0;148
superset;51692;10584;TypeScript;126;2837;42.93038945;88.0;149
spring-framework;51643;763;Java;255;4523;55.86372298333333;95.0;150
Java;51605;997;Java;0;2476;6.347056516666667;100.0;151
Best-websites-a-programmer-should-visit;51252;373;;0;2244;286.3137233833333;65.0;152
hoppscotch;51156;1068;TypeScript;18;1345;37.26372358333333;89.0;153
leetcode;51094;252;JavaScript;40;1854;298.8137238;98.0;154
design-resources-for-developers;50977;839;;0;1086;25.430390666666664;100.0;155
manim;50954;562;Python;10;2958;46.54705753333334;66.0;156
awesome-nodejs;50864;395;;0;3212;88.9137244;99.0;157
syncthing;50853;2307;Go;331;3439;55.88039126666667;94.0;158
awesome-for-beginners;50699;335;;0;2742;16.3637248;89.0;159
tesseract;50663;1309;C++;25;3180;19.49705833333333;85.0;160
Semantic-UI;50536;356;JavaScript;154;3671;31.480391866666665;85.0;161
DeepLearning-500-questions;50400;302;JavaScript;0;1765;53.030392066666664;44.0;162
normalize.css;50243;56;CSS;0;4376;367.89705895000003;91.0;163
react-router;50206;1844;TypeScript;245;3268;91.96372583333333;99.0;164
playwright;50126;10235;TypeScript;100;1259;5.663726049999999;92.0;165
funNLP;49585;11;Python;0;1710;58.69705963333333;76.0;166
requests;49447;1474;Python;6;4456;43.947059849999995;94.0;167
supabase;49263;4726;TypeScript;25;1293;5.2803933999999995;91.0;168
ionic-framework;48978;4537;TypeScript;618;3537;253.6803936;98.0;169
Ventoy;48232;242;C;89;1143;69.78039381666667;77.0;170
face_recognition;48059;94;Python;2;2246;161.69706068333335;45.0;171
material-design-icons;47952;41;;16;3123;80.04706088333334;83.0;172
prometheus;47936;5212;Go;255;3806;8.447061083333333;88.0;173
ML-For-Beginners;47874;342;Jupyter Notebook;0;785;26.897061283333336;0.0;174
moment;47350;712;JavaScript;0;4440;339.1303948166667;95.0;175
PayloadsAllTheThings;47307;461;Python;2;2382;56.113728349999995;0.0;176
guava;47304;372;Java;35;3255;161.26372855;81.0;177
you-get;47245;570;Python;118;3902;18.497062083333333;0.0;178
excalidraw;47227;2948;TypeScript;9;1211;19.71372895;65.0;179
obs-studio;47205;3713;C;180;3495;17.313729149999997;88.0;180
imgui;47142;302;C++;85;3202;10.91372935;85.0;181
bulma;47091;603;CSS;17;2651;31.397062883333334;92.0;182
scrapy;47006;1956;Python;31;4812;118.84706308333332;83.0;183
caddy;46983;1583;Go;103;3026;111.08039661666666;98.0;184
RxJava;46967;3126;Java;231;3761;317.59706348333333;100.0;185
localstack;46906;3354;Python;63;2375;53.59706368333333;93.0;186
awesome-courses;46876;194;;0;3085;43.847063883333334;55.0;187
jekyll;46552;3075;Ruby;107;5302;22.080397416666663;98.0;188
awesome-flutter;46500;419;Dart;0;2181;87.98039761666668;0.0;189
hacker-scripts;46461;63;JavaScript;0;2714;9.880397816666665;52.0;190
alacritty;46313;1542;Rust;79;2625;20.613731350000002;93.0;191
SecLists;46223;487;PHP;19;4085;26.330398216666666;90.0;192
awesome-android-ui;46141;90;;0;3046;68.01373175;89.0;193
yt-dlp;46111;1376;Python;69;913;24.547065283333332;80.0;194
tabby;46102;1355;TypeScript;175;2316;10.497065483333333;67.0;195
git;46039;3;C;0;5391;20.96373235;0.0;196
awesome-cpp;45928;553;;0;3206;15.180399216666666;35.0;197
prettier;45440;7202;JavaScript;100;2340;27.080399433333334;84.0;198
nuxt;45028;2944;TypeScript;181;2374;131.31373296666666;93.0;199
anime;45025;72;JavaScript;14;2601;24.51373316666667;73.0;200
awesome-scalability;44859;30;;0;1947;72.38040003333334;0.0;201
big-list-of-naughty-strings;44783;90;Python;0;2819;92.04706689999999;33.0;202
faceswap;44632;346;Python;3;1955;325.2970671;98.0;203
serverless;44622;4424;JavaScript;359;2928;131.08040063333334;84.0;204
kotlin;44514;2047;Kotlin;203;4091;161.08040083333333;0.0;205
docusaurus;44160;4663;TypeScript;126;2137;135.04706769999999;91.0;206
tldr;44009;7941;Markdown;2;3427;15.113734566666666;85.0;207
learn-regex;43995;124;;0;2105;171.5970681;42.0;208
okhttp;43904;3097;Kotlin;0;3930;367.54706830000003;96.0;209
DefinitelyTyped;43794;46474;TypeScript;1;3856;8.497068500000001;91.0;210
meteor;43439;1868;JavaScript;0;4116;184.91373536666666;98.0;211
nerd-fonts;43326;304;CSS;29;3065;21.7970689;91.0;212
etcd;43282;7584;Go;222;3582;156.86373576666668;97.0;213
cypress;43244;5270;JavaScript;304;2976;59.68040263333333;79.0;214
new-pac;43062;0;;0;2591;13.780402833333333;75.0;215
rich;43041;697;Python;151;1264;67.34706969999999;91.0;216
Ghost;43016;7828;JavaScript;649;3645;44.447069899999995;99.0;217
d2l-zh;42957;1016;Python;16;2073;10.047070100000001;0.0;218
dayjs;42921;643;JavaScript;113;1843;274.23040363333337;57.0;219
traefik;42762;3771;Go;393;2783;26.130403833333332;89.0;220
algorithm-visualizer;42737;182;JavaScript;0;2538;30.013737366666664;70.0;221
TensorFlow-Examples;42720;88;Jupyter Notebook;0;2724;120.36373756666667;30.0;222
devops-exercises;42669;227;Python;0;1302;40.34707108333334;83.0;223
awesome-ios;42644;2193;Swift;0;3213;34.130404633333335;100.0;224
architecture-samples;42580;222;Kotlin;0;2638;25.6970715;74.0;225
AdminLTE;42423;1261;JavaScript;72;3410;34.163738366666664;98.0;226
pdf.js;42305;6314;JavaScript;50;4384;11.647071899999998;96.0;227
v2ray-core;42302;203;Go;247;2792;314.39707208333334;99.0;228
parcel;42282;2124;JavaScript;25;2089;103.34707228333333;87.0;229
pi-hole;42204;1628;Shell;98;3245;226.43040581666668;99.0;230
babel;42200;5188;TypeScript;340;3133;368.36373935;92.0;231
julia;42182;20954;Julia;138;4389;26.047072883333332;84.0;232
go-ethereum;42036;6184;Go;172;3409;99.14707308333332;97.0;233
gogs;42019;1570;Go;78;3361;18.563739950000002;84.0;234
v2rayN;41999;89;C#;154;1367;24.547073483333335;99.0;235
build-web-application-with-golang;41932;757;Go;0;3920;26.947073683333333;61.0;236
Projects;41917;19;;0;3584;16.76374055;45.0;237
jest;41876;5136;TypeScript;190;3425;115.61374073333333;94.0;238
retrofit;41456;807;Java;0;4616;463.2304076;94.0;239
mastodon;41332;11544;Ruby;192;2621;12.547074466666666;60.0;240
Real-Time-Voice-Cloning;41331;48;Python;0;1432;33.197074666666666;88.0;241
yarn;41153;1652;JavaScript;150;2655;59.36374153333334;72.0;242
rustdesk;41114;1335;Rust;8;941;6.463741733333333;96.0;243
clash;41090;269;Go;52;1782;8.363741933333333;97.0;244
git-flight-rules;40958;216;;0;3201;39.663742133333336;77.0;245
bat;40935;1117;Rust;39;1832;24.197075666666667;84.0;246
awesome-wechat-weapp;40926;274;;0;2408;288.99707586666665;0.0;247
bun;40841;813;Zig;71;743;48.997076066666665;59.0;248
hyper;40764;2760;TypeScript;86;2491;360.2137429333333;77.0;249
100-Days-Of-ML-Code;40718;6;;0;1757;17.813743133333332;0.0;250
github-cheat-sheet;40708;129;;0;3302;4.863743316666667;75.0;251
react;40666;322;JavaScript;0;1790;20.51374351666667;99.0;252
mkcert;40654;52;Go;14;1767;24.513743716666667;72.0;253
sherlock;40550;522;Python;0;1585;19.630410583333333;95.0;254
x64dbg;40535;598;C++;3;2938;55.88041078333333;77.0;255
design-patterns-for-humans;40466;49;;0;2261;91.36374431666667;90.0;256
vue2-elm;39995;20;Vue;0;2316;339.94707784999997;82.0;257
drawio-desktop;39849;17;Shell;106;2163;71.54707805;87.0;258
pixijs;39763;2748;TypeScript;200;3748;82.19707825;98.0;259
nw.js;39572;570;JavaScript;0;4131;327.06374511666667;88.0;260
marktext;39565;930;JavaScript;36;1992;142.76374531666667;62.0;261
chinese-poetry;39404;126;JavaScript;1;2428;196.26374553333332;47.0;262
Alamofire;39267;575;Swift;93;3192;191.13041239999998;99.0;263
trackerslist;39255;1;;0;2559;8.79708825;99.0;264
project-layout;39228;57;Makefile;0;2056;7.147088916666666;28.0;265
openpilot;39225;6603;Python;49;2345;29.18042255;89.0;266
ghidra;39143;359;Java;26;1518;13.647089466666667;69.0;267
pm2;38938;540;JavaScript;120;3628;76.96375635;85.0;268
DeepFaceLab;38930;32;Python;2;1788;132.3970899;59.0;269
materialize;38830;449;JavaScript;41;3149;291.01375678333335;88.0;270
dubbo;38820;4175;Java;81;3964;401.26375698333334;88.0;271
minio;38707;8123;Go;396;3025;346.14709053333337;100.0;272
styled-components;38677;886;TypeScript;139;2445;127.34709073333333;94.0;273
PowerShell;38371;6179;C#;140;2661;129.03042426666667;70.0;274
leetcode-master;38276;1675;Shell;0;1230;102.26375785;32.0;275
huginn;38214;951;Ruby;1;3700;395.38042473333337;71.0;276
rclone;38203;1537;Go;93;3329;4.380424933333333;84.0;277
PythonDataScienceHandbook;38202;28;Jupyter Notebook;0;2451;48.78042513333333;42.0;278
frontend-dev-bookmarks;38152;129;;1;3596;72.21375868333332;82.0;279
pandas;38121;22235;Python;96;4629;11.597092216666665;86.0;280
uni-app;38019;212;JavaScript;0;1750;41.19709241666667;74.0;281
node;37962;28;Shell;9;85;5.063759283333334;100.0;282
yolov5;37921;1931;Python;10;1074;3.73042615;97.0;283
act;37815;684;Go;53;1576;12.48042635;88.0;284
discourse;37770;18238;Ruby;0;3757;50.86375988333334;0.0;285
grpc;37749;17714;C++;245;3062;94.41376008333333;94.0;286
CppCoreGuidelines;37679;763;Python;4;2808;47.06376028333333;81.0;287
rustlings;37619;661;Rust;35;2781;15.730427166666667;80.0;288
ripgrep;37499;453;Rust;66;2603;19.180427366666667;90.0;289
Leaflet;37409;2799;JavaScript;30;4600;157.89709425;93.0;290
edex-ui;37379;399;JavaScript;29;2280;18.313761133333333;99.0;291
python-patterns;37235;262;Python;0;3977;386.66376133333335;89.0;292
front-end-interview-handbook;37217;221;JavaScript;0;1930;117.56376155;84.0;293
zx;37188;105;JavaScript;56;722;323.51376175;90.0;294
impress.js;37187;115;JavaScript;15;4138;2609.1470952833333;88.0;295
core;37147;1941;TypeScript;148;1780;40.3970955;85.0;296
terraform;37075;10643;Go;246;3332;8.663762366666667;92.0;297
Motrix;37005;183;JavaScript;17;1591;9.563762566666666;47.0;298
vuetify;36965;3352;TypeScript;474;2418;49.16376278333333;90.0;299
fastlane;36894;5983;Ruby;531;3068;310.44709635;98.0;300
hexo;36665;838;JavaScript;108;3868;135.88042988333333;98.0;301
dive;36583;115;Go;24;1810;54.76376341666666;54.0;302
react-use;36551;1494;TypeScript;249;1643;53.230430299999995;42.0;303
what-happens-when;36520;108;;0;3458;30.147097166666665;19.0;304
freecodecamp.cn;36471;55;CSS;0;2400;2273.2804306999997;76.0;305
MPAndroidChart;36391;190;Java;44;3289;225.24709756666667;59.0;306
bypass-paywalls-chrome;36367;131;JavaScript;33;1846;25.21376443333333;100.0;307
awesome-java;36249;646;;0;3214;152.31376465;98.0;308
hiring-without-whiteboards;36197;1176;JavaScript;0;2234;23.263764849999998;0.0;309
gitea;36164;11856;Go;165;2368;31.16376505;81.0;310
meilisearch;36021;1298;Rust;135;1830;137.13043193333334;92.0;311
powerlevel10k;35849;130;Shell;30;1523;28.3470988;99.0;312
brew;35798;9227;Ruby;302;2608;59.330432333333334;99.0;313
FFmpeg;35792;16;C;0;4396;36.880432533333334;0.0;314
nocodb;35643;1793;TypeScript;94;2006;5.9970994;81.0;315
spark;35611;5;Scala;0;3348;38.51376626666667;0.0;316
joplin;35592;2008;TypeScript;282;2292;17.16376646666667;94.0;317
joplin;35592;2008;TypeScript;282;2292;17.163719066666665;94.0;318
gpt4all;35548;31;Python;0;31;4.2971;31.0;319
gpt4all;35548;31;Python;0;31;4.297052616666666;31.0;320
awesome-react-components;35521;298;;0;2498;32.613766866666666;100.0;321
uBlock;35480;219;JavaScript;277;2948;21.030433733333332;100.0;322
video.js;35421;1606;JavaScript;284;4731;134.83043393333335;92.0;323
video.js;35421;1606;JavaScript;284;4731;134.83038615;92.0;324
php-src;35377;1590;C;0;4333;21.480434633333335;76.0;325
php-src;35377;1590;C;0;4333;21.48038635;76.0;326
Rocket.Chat;35370;10203;TypeScript;770;2900;25.680434833333333;83.0;327
30-Days-Of-JavaScript;35360;97;JavaScript;0;1221;93.21376836666667;46.0;328
quill;35317;239;JavaScript;82;3923;7.7471019000000005;60.0;329
ailearning;35280;475;Python;2;2252;52.9971021;97.0;330
esbuild;35195;210;Go;241;2508;69.66376898333333;89.0;331
esbuild;35195;210;Go;241;2508;69.66371989999999;89.0;332
cheat.sh;35177;122;Python;0;2181;40.497053433333335;54.0;333
cheat.sh;35177;122;Python;0;2181;40.49710251666667;54.0;334
Deep-Learning-Papers-Reading-Roadmap;35149;28;Python;0;2386;16.747102716666667;8.0;335
slate;35123;291;SCSS;28;3513;367.14710291666665;92.0;336
kubernetes-the-hard-way;35109;69;;0;2485;98.08043645;78.0;337
open-source-mac-os-apps;35105;516;;0;2001;193.13043664999998;77.0;338
swiper;34974;536;JavaScript;40;4061;71.81377018333333;96.0;339
interview_internal_reference;34779;35;Python;0;1417;74.78038696666667;40.0;340
interview_internal_reference;34779;35;Python;0;1417;74.78043705;40.0;341
kong;34707;4188;Lua;129;3083;7.73043725;96.0;342
whisper;34663;72;Python;6;223;12.030387183333334;0.0;343
whisper;34663;72;Python;6;223;12.030437449999999;0.0;344
json;34643;668;C++;43;3584;30.23043765;97.0;345
react-hook-form;34577;1795;TypeScript;516;1514;49.19710451666666;100.0;346
react-hook-form;34577;1795;TypeScript;516;1514;49.19705405;100.0;347
Magisk;34566;1243;C++;128;2422;44.413771383333334;100.0;348
Magisk;34566;1243;C++;128;2422;44.41372093333334;100.0;349
node-v0.x-archive;34557;218;;0;5083;368.1637715833333;100.0;350
open-source-ios-apps;34540;738;;37;3013;193.09710511666665;100.0;351
styleguide;34518;149;HTML;0;2899;69.19710531666666;38.0;352
fullPage.js;34511;296;JavaScript;87;3506;231.34710551666666;96.0;353
lerna;34505;819;TypeScript;209;2701;94.63043908333334;88.0;354
jeecg-boot;34431;17;Java;27;1613;195.3304393;100.0;355
awesome-chatgpt-prompts-zh;34382;26;;0;136;6.447106166666667;65.0;356
preact;34315;1455;JavaScript;182;2785;12.363773033333333;91.0;357
jadx;34309;377;Java;28;3692;111.4804399;78.0;358
wrk;34296;0;C;0;4055;93.94710676666666;67.0;359
lazygit;34290;938;Go;138;1804;41.630440300000004;68.0;360
query;34273;1336;TypeScript;522;1325;29.630440500000002;98.0;361
awesome-rust;34192;1168;Rust;0;3206;7.813774033333333;92.0;362
phaser;34170;1575;JavaScript;139;3667;50.4304409;98.0;363
drawio;34123;32;JavaScript;736;2424;9.3304411;89.0;364
ant-design-pro;34118;929;TypeScript;26;2071;162.16377463333336;97.0;365
hackathon-starter;34092;310;JavaScript;14;3452;357.21377483333333;99.0;366
bert;34061;32;Python;0;1645;111.21377503333333;31.0;367
AppFlowy;34054;1108;Rust;28;680;18.4304419;51.0;368
sentry;34048;36227;Python;102;4623;28.813775433333333;87.0;369
tutorials;34005;9591;Java;0;3650;11.063775633333334;96.0;370
ChatGPT;33955;110;Rust;32;141;9.0804425;44.0;371
tidb;33953;23013;Go;169;2790;69.1804427;79.0;372
koa;33935;468;JavaScript;0;3568;37.09710956666667;96.0;373
starship;33932;2316;Rust;120;1486;150.0804431;77.0;374
monaco-editor;33863;332;JavaScript;0;2515;16.4304433;90.0;375
lottie-android;33831;593;Java;44;2394;175.1804435;98.0;376
tabler;33826;373;HTML;39;1911;176.81377703333334;92.0;377
og-aws;33761;498;Shell;0;2479;7.41377725;38.0;378
deeplearningbook-chinese;33688;16;TeX;7;2332;315.46377745;69.0;379
JavaFamily;33650;2;;0;1262;463.91377765;98.0;380
shadowsocks-android;33639;249;Kotlin;184;3784;25.66377785;99.0;381
glide;33554;456;Java;44;3580;293.11377805;91.0;382
brackets;33459;4333;JavaScript;69;4159;1068.4971115833334;73.0;383
v;33454;8511;V;148;1539;72.06377845;88.0;384
nativefier;33430;256;TypeScript;96;2853;67.04711198333334;81.0;385
shadowsocks;33353;70;Python;2;4024;718.51377885;0.0;386
AFNetworking;33342;710;Objective-C;40;4349;367.8804457166667;0.0;387
awesome-cheatsheets;33333;157;JavaScript;0;1995;153.69711258333334;64.0;388
pure-bash-bible;33311;28;Shell;0;1779;39.94711278333333;45.0;389
caffe;33296;1087;C++;14;3514;20.76377965;81.0;390
first-contributions;33261;55724;;0;2410;73.38044651666668;94.0;391
type-challenges;33225;470;TypeScript;0;1008;9.897113383333334;9.0;392
Made-With-ML;33120;140;Jupyter Notebook;0;1634;34.09711358333333;98.0;393
clipboard.js;33112;117;JavaScript;42;2778;88.89711378333332;99.0;394
iina;33111;525;Swift;40;2320;38.06378065;56.0;395
istio;32882;21184;Go;290;2351;110.41378085;97.0;396
taro;32818;2612;TypeScript;146;1845;42.49711438333333;91.0;397
awesome-react-native;32798;912;JavaScript;0;2954;414.4471145833333;53.0;398
gulp;32746;396;JavaScript;22;3584;1792.4804481166668;99.0;399
sheetjs;32734;106;JavaScript;0;3797;253.81378164999998;95.0;400
the-way-to-go_ZH_CN;32616;592;Go;0;3686;19.863781850000002;0.0;401
wtfpython;32583;94;Python;2;2068;62.63044873333333;67.0;402
uptime-kuma;32581;724;JavaScript;83;663;18.0971156;61.0;403
langchain;32562;1918;Python;89;192;5.2971158;31.0;404
immutable-js;32553;462;TypeScript;68;3221;392.7804493333333;92.0;405
leveldb;32535;61;C++;21;3165;89.86378286666667;73.0;406
chakra-ui;32460;2152;TypeScript;1000;1349;6.480449733333333;97.0;407
955.WLB;32454;18;;0;1492;402.5637832666667;30.0;408
carbon;32390;646;JavaScript;215;2141;261.33045013333333;94.0;409
python-cheatsheet;32378;13;Python;0;1918;104.83045033333333;88.0;410
formik;32277;746;TypeScript;170;2143;110.03045053333334;70.0;411
arthas;32277;444;Java;48;1702;204.9971174;90.0;412
hello-algorithm;32270;25;Java;0;1063;538.5971175999999;84.0;413
gold-miner;32254;3531;;0;2731;379.3137844666666;100.0;414
gorm;32228;626;Go;2;3471;18.213784683333333;96.0;415
TaskMatrix;32207;17;Python;0;56;4.48045155;43.0;416
zju-icicles;32183;187;HTML;0;2494;128.03045175;85.0;417
material-design-lite;32168;655;HTML;14;3025;392.8471186166667;83.0;418
metabase;32157;14741;Clojure;342;3006;131.08045216666667;80.0;419
black;32150;1129;Python;27;1870;11.563785716666667;83.0;420
cli;32137;1733;Go;104;1302;87.03045258333333;88.0;421
AndroidUtilCode;32083;87;Java;117;2462;58.4304528;83.0;422
Microsoft-Activation-Scripts;32021;0;Batchfile;7;1201;34.380453;100.0;423
shellcheck;31984;259;Haskell;28;3813;242.98045321666666;63.0;424
XX-Net;31974;361;Python;362;3024;200.2971201;40.0;425
dbeaver;31787;3406;Java;174;2745;21.74712033333333;88.0;426
openai-cookbook;31733;135;Jupyter Notebook;0;412;5.34712055;58.0;427
pyenv;31655;767;Roff;73;3891;95.91378743333333;98.0;428
cobra;31640;530;Go;20;3523;13.897120983333334;87.0;429
aspnetcore;31569;13097;C#;180;3334;61.54712118333334;91.0;430
date-fns;31409;1023;TypeScript;105;3125;46.83045473333333;74.0;431
ShadowsocksX-NG;31392;63;Swift;29;2512;105.96378826666667;78.0;432
devdocs;31346;554;Ruby;0;3472;290.31378846666667;88.0;433
ijkplayer;31339;35;C;0;3615;94.84712201666666;48.0;434
acme.sh;31299;1221;Shell;39;2679;36.08045555;69.0;435
android-open-project;31209;202;;0;3399;1373.7804557666668;87.0;436
netty;31109;3097;Java;0;4552;277.2637893;91.0;437
gpt_academic;31085;36;Python;13;38;13.4137895;67.0;438
vim-plug;31077;166;Vim Script;5;3516;211.88045636666666;89.0;439
typeorm;31072;1836;TypeScript;27;2614;56.9637899;75.0;440
jQuery-File-Upload;31037;119;PHP;0;4530;580.1971234333333;99.0;441
12306;31012;31;Python;1;2171;70.63045698333333;68.0;442
gym;30994;999;Python;19;2556;12.6137905;97.0;443
zxing;30977;212;Java;29;4215;565.1971240500001;100.0;444
weekly;30956;61;;0;1657;65.08045758333334;20.0;445
prisma;30923;3845;TypeScript;154;1407;78.38045778333334;67.0;446
appwrite;30890;1900;TypeScript;58;1480;25.613791316666667;77.0;447
Open-Assistant;30879;1337;Python;105;135;8.897124866666667;67.0;448
mitmproxy;30843;2052;Python;48;4818;426.98045840000003;92.0;449
free;30820;0;;0;1054;14.647125283333333;31.0;450
wtfjs;30799;124;JavaScript;25;2113;20.480458816666665;91.0;451
awesome-javascript;30599;362;;0;3222;292.81379236666663;98.0;452
segment-anything;30540;15;Jupyter Notebook;0;35;6.263792566666667;34.0;453
jieba;30471;96;Python;9;3862;52.08045945;26.0;454
fanqiang;30359;3;Kotlin;2;3025;87.08045965;59.0;455
carbon-lang;30315;1682;C++;0;1095;55.647126533333335;75.0;456
tesseract.js;30269;122;JavaScript;39;2864;104.31379343333333;96.0;457
awesome-design-patterns;30226;29;;0;1788;154.54712708333332;44.0;458
zustand;30186;463;TypeScript;68;1479;29.44712731666667;99.0;459
aria2;30136;206;C++;23;4534;82.54712751666666;45.0;460
metasploit-framework;30108;9898;Ruby;0;4258;143.38046105;93.0;461
awesome-awesomeness;30098;197;Ruby;0;3215;248.88046126666669;81.0;462
vim;30096;3;Vim Script;0;2809;92.49712813333333;82.0;463
CPlusPlusThings;30070;57;C++;0;1383;52.63046166666666;98.0;464
hackingtool;30017;39;Python;0;1111;353.8137952166666;97.0;465
airflow;29986;15446;Python;63;2936;27.730462083333336;91.0;466
PaddleOCR;29957;2106;Python;6;1084;52.56379561666667;79.0;467
astro;29898;3614;TypeScript;1000;773;172.44712915;95.0;468
curl;29889;161;C;67;4788;20.89712935;98.0;469
react-beautiful-dnd;29859;524;JavaScript;68;2087;39.347129566666666;67.0;470
certbot;29859;3650;Python;42;3088;14.697129766666666;91.0;471
Docker-OSX;29849;97;Shell;0;1057;116.0804633;48.0;472
n8n;29828;3672;TypeScript;32;1405;88.33046351666667;86.0;473
diagrams;29779;237;Python;39;1180;33.147130383333334;41.0;474
beego;29671;1167;Go;21;4075;132.63046393333335;100.0;475
HEAD;29649;86;;0;2563;583.9471308166667;80.0;476
vue-cli;29644;1258;JavaScript;177;2679;273.48046436666664;83.0;477
graphql-engine;29643;2109;TypeScript;196;1774;25.563797916666665;64.0;478
LeetCode-Go;29576;173;Go;4;2109;240.53046478333331;82.0;479
marked;29574;1000;JavaScript;90;4295;138.79713165;98.0;480
googletest;29540;757;C++;6;2830;225.58046518333333;89.0;481
Blog;29469;3;;0;2236;128.19713206666668;31.0;482
foundation-sites;29459;2950;HTML;76;4214;257.66379893333334;99.0;483
framework;29371;13671;PHP;623;3759;21.51379915;100.0;484
husky;29322;201;JavaScript;60;3230;295.51379935;98.0;485
spring-boot-demo;29321;15;Java;0;1994;153.31379956666666;46.0;486
compose;29298;2632;Go;195;3426;56.03046643333333;97.0;487
COVID-19;29277;2152;;0;1178;365.68046665;55.0;488
phantomjs;29237;562;C++;0;4504;1569.2138002;100.0;489
es6features;29130;41;;0;3342;552.6638004166667;63.0;490
react-boilerplate;29111;715;JavaScript;16;2990;1000.5304672833333;96.0;491
p3c;29080;62;Kotlin;0;2134;146.14713416666666;84.0;492
ColossalAI;29011;2190;Python;29;546;7.26380105;76.0;493
cs-self-learning;28972;178;HTML;2;554;28.763801249999997;52.0;494
dotfiles;28966;44;Shell;0;4252;356.0971348;64.0;495
odoo;28914;6164;JavaScript;0;3271;111.84713501666667;87.0;496
HanLP;28902;73;Python;57;3122;345.91380188333335;99.0;497
reactjs-interview-questions;28872;123;JavaScript;0;1792;75.03046876666667;94.0;498
libpku;28854;22;TeX;0;1617;201.11380231666666;76.0;499
spring-boot-examples;28841;7;Java;0;2364;326.2971358666666;95.0;500
vimrc;28836;99;Vim Script;0;3985;5.847136066666667;98.0;501
rxjs;28795;2523;TypeScript;0;2965;157.46380295;93.0;502
interview;28765;33;C++;0;1903;6.813803166666667;74.0;503
project-guidelines;28674;113;JavaScript;0;2127;287.8638033666667;74.0;504
google-research;28671;29;Jupyter Notebook;0;1666;92.06380358333332;28.0;505
pandoc;28669;1438;Haskell;117;4786;23.33047045;87.0;506
tmux;28639;1;C;34;2885;11.73047065;99.0;507
awesome-php;28557;386;;0;3439;40.913804199999994;99.0;508
REKCARC-TSC-UHT;28417;122;HTML;0;1483;127.66380441666666;96.0;509
leakcanary;28408;846;Kotlin;31;2920;25.647137966666666;95.0;510
MockingBird;28397;64;Python;1;628;29.063804833333332;49.0;511
ClickHouse;28391;28083;C++;454;2520;33.997138383333336;82.0;512
Hover;28381;23;SCSS;10;3402;8.930471933333333;79.0;513
lottie-web;28349;120;JavaScript;0;2988;441.63047213333334;76.0;514
GFPGAN;28346;14;Python;8;769;81.11380566666666;34.0;515
symfony;28255;19975;PHP;427;4861;42.19713921666666;97.0;516
50projects50days;28255;39;CSS;0;892;59.74713941666666;0.0;517
Awesome-Design-Tools;28245;283;JavaScript;0;1535;192.99713961666666;78.0;518
500lines;28232;175;JavaScript;0;3461;450.49713983333334;57.0;519
todomvc;28206;719;JavaScript;5;4346;604.0804733666666;82.0;520
programmer-job-blacklist;28186;16;Shell;0;2497;334.0638069;55.0;521
standard;28123;402;JavaScript;4;3012;328.29714048333335;93.0;522
html2canvas;28111;186;TypeScript;45;4303;62.71380735;66.0;523
android_guides;28097;10;;0;3599;541.2471408833333;58.0;524
linux-insides;28063;571;Python;0;3036;359.98047441666665;86.0;525
ccxt;28046;7740;Python;0;2174;33.280474616666666;91.0;526
vuex;28016;654;JavaScript;51;2842;630.4971414833333;93.0;527
apollo;28013;1327;Java;38;2610;178.83047503333333;95.0;528
backbone;28006;859;JavaScript;0;4592;1269.3804752333333;98.0;529
slick;27951;237;JavaScript;48;3321;791.2638087666667;67.0;530
async;27849;478;JavaScript;7;4713;135.83047563333332;99.0;531
insomnia;27826;1920;JavaScript;320;2560;4.880475833333334;84.0;532
webtorrent;27807;667;JavaScript;104;3481;386.0971427;94.0;533
sequelize;27799;3939;JavaScript;450;4662;370.3638095833333;92.0;534
NeteaseCloudMusicApi;27758;261;JavaScript;171;2500;102.18047645;91.0;535
nvm-windows;27653;78;Go;19;3141;41.36380998333333;91.0;536
swift-algorithm-club;27650;608;Swift;0;2648;103.34714351666666;86.0;537
easyexcel;27613;149;Java;5;1906;217.16381038333333;93.0;538
vault;27602;12700;Go;90;2983;7.613810583333334;84.0;539
Coursera-ML-AndrewNg-Notes;27594;13;HTML;0;2000;161.84714411666667;23.0;540
composer;27590;2629;PHP;178;4341;21.547144366666664;98.0;541
Python;27553;1213;Python;0;4166;52.9304779;35.0;542
ImHex;27483;264;C++;55;898;6.213811433333333;83.0;543
httpie;27473;383;Python;44;4079;30.780478316666667;83.0;544
postcss;27433;701;TypeScript;235;3502;87.39714518333334;98.0;545
awesome-macos-command-line;27391;104;;0;2774;248.73047871666668;0.0;546
learnGitBranching;27366;520;JavaScript;0;3909;134.48047891666667;95.0;547
solid;27341;295;TypeScript;33;1829;63.86381245;96.0;548
Files;27327;3782;C#;91;1574;30.747145983333333;95.0;549
yew;27302;1545;Rust;33;1958;19.4971462;91.0;550
layui;27255;197;JavaScript;81;2774;127.8471464;100.0;551
fd;27250;445;Rust;35;2179;16.913813283333333;90.0;552
awesome-shell;27250;298;;0;3216;27.463813483333336;39.0;553
interactive-coding-challenges;27218;176;Python;0;2921;974.8471470333334;48.0;554
algo;27168;505;Jinja;2;2538;376.18048058333335;91.0;555
swc;27139;3816;Rust;252;1952;31.99714745;88.0;556
English-level-up-tips;27138;23;;0;2158;76.94714763333333;75.0;557
legacy-homebrew;27133;222;;0;5090;368.1804811666667;100.0;558
fastify;27123;2304;JavaScript;257;2402;51.56381471666667;96.0;559
particles.js;27101;21;JavaScript;6;3155;505.7804815833333;26.0;560
Prompt-Engineering-Guide;27036;87;Jupyter Notebook;0;132;11.013815116666667;43.0;561
cockroach;27031;44949;Go;0;3367;29.26381531666667;89.0;562
calculator;27028;788;C++;0;1550;129.16381551666666;70.0;563
halo;27017;1163;Java;120;1863;16.330482383333333;88.0;564
JCSprout;26956;69;Java;0;1957;359.5804825833333;66.0;565
underscore;26940;741;JavaScript;0;4932;1590.0804827833333;98.0;566
slate;26940;1723;TypeScript;136;2504;28.713816316666666;81.0;567
openpose;26887;165;C++;15;2194;59.71381651666666;88.0;568
TrafficMonitor;26869;43;C++;24;2097;85.09715005;42.0;569
sqlmap;26842;150;Python;8;3957;40.880483600000005;99.0;570
lx-music-desktop;26573;12;TypeScript;98;1352;5.8638191666666675;77.0;571
swr;26527;678;TypeScript;98;1277;14.813819366666667;91.0;572
modern-unix;26499;10;;0;835;27.28048623333333;17.0;573
lighthouse;26427;4728;JavaScript;97;2606;335.76381976666664;93.0;574
appsmith;26417;7512;TypeScript;159;1031;10.93048665;76.0;575
lazydocker;26416;150;Go;35;1440;146.81382018333335;64.0;576
selenium;26415;1306;Java;81;3755;321.2804872666667;98.0;577
slidev;26415;233;TypeScript;231;733;71.14715373333334;92.0;578
mobx;26394;1050;TypeScript;87;2966;320.7971541333333;99.0;579
jsPDF;26393;700;JavaScript;32;4890;304.113821;94.0;580
pytorch-tutorial;26362;28;Python;0;2239;104.93048784999999;64.0;581
consul;26347;10014;Go;135;3461;7.8471547333333325;79.0;582
minikube;26332;6475;Go;140;2568;46.79715493333333;91.0;583
OpenAPI-Specification;26325;774;JavaScript;10;3342;136.46382181666667;73.0;584
JavaScript;26321;682;JavaScript;0;2114;8.647155333333334;98.0;585
cheerio;26282;1607;TypeScript;57;4218;73.99715554999999;99.0;586
python-guide;26217;680;Batchfile;0;4426;41.680489083333335;64.0;587
nacos;26205;2330;Java;55;1777;142.33048928333335;97.0;588
awesome-python-cn;26195;51;Makefile;0;2732;29.030489483333334;63.0;589
gitflow;26183;36;Shell;0;4845;718.8304896833334;35.0;590
ResumeSample;26112;2;;0;3153;116.36381713333334;0.0;591
waifu2x;26108;68;Lua;3;2902;40.680484;58.0;592
rethinkdb;26051;450;C++;71;3831;1294.1138175333333;79.0;593
react-select;26029;1026;TypeScript;48;3166;133.49715106666665;93.0;594
fiber;26007;1158;Go;105;1197;182.81381793333333;96.0;595
yapi;25972;141;JavaScript;1;2523;298.58048479999997;38.0;596
spaCy;25968;3303;Python;112;3220;15.663818350000001;99.0;597
zsh-autosuggestions;25965;104;Shell;0;3470;2.2304852166666667;80.0;598
run;25959;167;;0;382;30.31381875;92.0;599
run;25959;167;;0;382;30.313825266666665;92.0;600
miaosha;25851;20;Java;0;1686;250.98048561666667;97.0;601
miaosha;25851;20;Java;0;1686;250.98049213333334;97.0;602
codemirror5;25839;584;JavaScript;168;4486;238.68049233333335;91.0;603
vhr;25838;1;Java;0;1939;7.013825866666666;38.0;604
lede;25769;1764;C;5;2059;155.81382606666665;93.0;605
Detectron;25724;0;Python;0;2030;151.4971596;67.0;606
photoprism;25716;493;Go;52;1916;8.2471598;79.0;607
fetch;25704;148;JavaScript;38;3118;69.58049333333334;97.0;608
request;25624;650;JavaScript;0;4477;1221.3304935333333;97.0;609
butterknife;25623;346;Java;0;3705;183.1471604;92.0;610
nps;25614;74;Go;59;1635;65.4971606;62.0;611
mongoose;25603;2373;JavaScript;85;4769;396.7804941333333;97.0;612
canal;25602;416;Java;26;3756;345.4804943333333;77.0;613
nginxconfig.io;25598;163;JavaScript;0;1938;46.1471612;80.0;614
ace;25597;1581;JavaScript;36;4565;238.56382806666667;96.0;615
select2;25595;707;JavaScript;29;4071;66.81382826666666;98.0;616
react-spring;25555;377;TypeScript;47;1877;22.697161816666668;94.0;617
Probabilistic-Programming-and-Bayesian-Methods-for-Hackers;25536;243;Jupyter Notebook;0;3755;18.447162016666667;37.0;618
gitbook;25526;214;JavaScript;0;3314;297.91382888333334;0.0;619
echo;25488;515;Go;98;2979;181.08049576666664;96.0;620
SpringAll;25460;1;Java;0;1821;350.4638293;63.0;621
spring-cloud-alibaba;25456;856;Java;34;1973;327.24716283333333;79.0;622
Modernizr;25451;799;JavaScript;25;4962;368.14716305;89.0;623
django-rest-framework;25433;2832;Python;17;4439;76.24716325;98.0;624
etcher;25394;1693;TypeScript;256;2739;43.847163466666665;79.0;625
the-super-tiny-compiler;25346;20;JavaScript;0;2603;12.663830333333333;0.0;626
influxdb;25325;9529;Go;77;3500;34.080497199999996;87.0;627
ray;25318;16911;Python;65;2375;93.21383073333332;82.0;628
AnotherRedisDesktopManager;25305;129;JavaScript;44;1570;350.26383093333334;80.0;629
fastjson;25297;418;Java;84;4193;330.0138311333333;48.0;630
portainer;25294;3289;Go;103;2534;36.797164683333335;80.0;631
reverse-interview;25271;69;;0;1327;563.4804982166667;68.0;632
lapce;25258;747;Rust;25;1906;36.04716506666667;57.0;633
mattermost-server;25254;13420;TypeScript;352;2873;6.513831933333334;91.0;634
nprogress;25244;34;JavaScript;7;3537;526.5638321499999;34.0;635
floating-ui;25237;789;TypeScript;314;2585;11.81383235;99.0;636
css-protips;25189;54;;0;2798;363.23049921666666;91.0;637
awesome-remote-job;25180;547;;0;3037;34.99716608333333;87.0;638
nodemon;25171;296;JavaScript;88;4589;67.99716628333333;99.0;639
vagrant;25156;2610;Ruby;8;4844;8.580500033333333;93.0;640
immer;25156;344;JavaScript;104;1945;2.21383315;96.0;641
AI-Expert-Roadmap;25146;13;JavaScript;0;915;29.813833566666666;77.0;642
awesome-docker;25120;861;;1;3140;187.6471671;100.0;643
rocksdb;25103;591;C++;172;3800;32.047167316666666;81.0;644
sharp;25099;252;JavaScript;57;3538;131.36383418333332;97.0;645
How-To-Ask-Questions-The-Smart-Way;25097;94;JavaScript;0;2952;15.3638344;72.0;646
folly;25069;4;C++;135;3982;269.88050128333333;68.0;647
proxyee-down;25065;16;Java;49;2010;1970.59716815;0.0;648
handson-ml;25002;56;Jupyter Notebook;0;2627;381.1971683666667;78.0;649
data-science-ipython-notebooks;24999;31;Python;0;3016;56.54716858333334;58.0;650
pytorch-image-models;24998;235;Python;43;1545;2.46383545;92.0;651
trpc;24997;2417;TypeScript;150;1013;2.3805023166666666;90.0;652
yuzu;24990;5447;C++;0;1940;163.51383586666668;70.0;653
ChatGPT;24979;271;Python;217;145;62.363836066666664;99.0;654
alist;24966;307;Go;89;855;12.297169616666668;95.0;655
llama.cpp;24941;308;C;227;48;38.61383648333333;65.0;656
clashX;24924;35;Swift;31;1779;44.847170033333335;0.0;657
react-virtualized;24897;453;JavaScript;5;2732;376.8638369;63.0;658
kit;24891;476;Go;12;3005;118.74717043333334;94.0;659
os-tutorial;24865;11;C;0;3132;12.313837316666667;60.0;660
the_silver_searcher;24848;399;C;0;4177;39.11383751666666;49.0;661
poetry;24809;1603;Python;123;1884;245.73050438333334;88.0;662
kafka;24777;6536;Java;0;4273;58.44717125;0.0;663
jq;24770;225;C;9;3935;367.54717146666667;66.0;664
hacker-laws;24766;170;Shell;1;1918;114.58050499999999;35.0;665
nylas-mail;24732;139;JavaScript;53;3115;277.8638385333333;71.0;666
cmder;24730;397;C++;32;3579;199.74717208333334;98.0;667
YouCompleteMe;24728;744;Python;0;4028;259.36383895;100.0;668
handson-ml2;24672;64;Jupyter Notebook;0;1570;201.31383916666667;61.0;669
fabric.js;24666;1878;JavaScript;122;4705;5.830506033333333;95.0;670
vaultwarden;24638;630;Rust;48;1895;16.880506233333332;100.0;671
detectron2;24633;0;Python;10;1330;31.797173100000002;91.0;672
tqdm;24628;271;Python;120;2885;53.81383996666667;62.0;673
serenity;24617;13382;C++;0;1607;87.5971735;82.0;674
commander.js;24609;613;JavaScript;73;4274;170.8638403666667;99.0;675
toBeTopJavaer;24603;52;Java;0;1645;70.0971739;56.0;676
SDWebImage;24568;867;Objective-C;125;4966;394.0471778;98.0;677
fonts;24543;72;Shell;1;3781;158.53051181666666;39.0;678
dokku;24521;2719;Shell;239;3610;244.3138454666667;99.0;679
fastText;24508;12;HTML;4;2476;487.2971790666667;58.0;680
modern-js-cheatsheet;24494;82;;0;2047;592.2138459666666;83.0;681
ngx-admin;24434;339;TypeScript;18;2528;93.79717953333333;77.0;682
python-fire;24431;70;Python;9;2256;108.76384643333334;60.0;683
awesome-deep-learning-papers;24430;39;TeX;0;2519;409.7471799833333;42.0;684
nushell;24393;4522;Rust;72;1448;19.863846866666666;79.0;685
remote-jobs;24383;1096;JavaScript;0;2753;315.29718045000004;91.0;686
EventBus;24325;31;Java;7;3937;374.2471808166667;83.0;687
linkedin-skill-assessments-quizzes;24274;4504;Python;1;1384;29.913847816666664;90.0;688
streamlit;24252;2756;Python;57;1342;105.71384803333333;80.0;689
awesome-electron;24218;260;;0;2926;263.66384825;100.0;690
RSSHub;24216;6410;JavaScript;0;1851;17.7471818;94.0;691
helm;24216;3383;Go;172;2760;59.68051558333333;96.0;692
C-Plus-Plus;24200;556;C++;0;2476;360.4305159;97.0;693
xxl-job;24180;97;Java;32;2707;82.7471828;63.0;694
SmartRefreshLayout;24166;12;Java;11;2155;45.297183016666665;81.0;695
Clone-Wars;24165;106;;0;876;113.78051656666666;93.0;696
engineering-blogs;24116;680;Ruby;0;2875;591.4305167666666;86.0;697
darknet;24111;10;C;0;3303;149.84718371666668;23.0;698
JavaScript30;24102;150;HTML;0;2332;43.14718395;0.0;699
applied-ml;24095;201;;0;1027;152.73051750000002;86.0;700
xgboost;24071;3559;C++;50;3367;781.6471843833333;93.0;701
ShareX;24065;718;C#;76;3488;23.39718463333333;91.0;702
iview;24017;526;Vue;85;2464;2304.1305182166666;80.0;703
angular-styleguide;23996;331;;0;3194;2122.5305184666668;85.0;704
go-zero;23954;1468;Go;87;993;36.38051873333333;81.0;705
lottie-ios;23949;587;Swift;58;2394;136.19718566666668;98.0;706
mmdetection;23944;2183;Python;50;1709;273.9971858833333;91.0;707
iris;23885;312;Go;28;2644;19.313852816666667;91.0;708
jsoncrack.com;23867;60;TypeScript;17;452;2.9305197166666668;77.0;709
30-Days-Of-Python;23844;42;Python;0;1255;97.1971866;32.0;710
fastai;23822;1645;Jupyter Notebook;49;2056;52.88052015;92.0;711
pipenv;23800;1338;Python;68;2288;51.83052036666666;95.0;712
linux-command;23795;269;Markdown;25;2357;3.4138539166666666;64.0;713
swagger-ui;23772;2386;JavaScript;267;4304;347.81385413333334;82.0;714
ItChat;23756;29;Python;13;2655;229.980521;71.0;715
seata;23681;1723;Java;35;1581;458.0971878666667;79.0;716
seata;23681;1723;Java;35;1581;458.09715655;79.0;717
emscripten;23671;9087;C;0;4457;81.0138549;84.0;718
xstate;23641;1338;TypeScript;217;2782;479.23049008333334;92.0;719
xstate;23641;1338;TypeScript;217;2782;479.23052178333336;92.0;720
mongo;23631;123;C++;0;5215;204.06385533333332;0.0;721
mongo;23631;123;C++;0;5215;204.06382361666667;0.0;722
weekly;23622;130;JavaScript;176;2229;109.79715716666666;99.0;723
weekly;23622;130;JavaScript;176;2229;109.79718890000001;99.0;724
Complete-Python-3-Bootcamp;23610;12;Jupyter Notebook;0;1900;119.79715736666667;66.0;725
Complete-Python-3-Bootcamp;23610;12;Jupyter Notebook;0;1900;119.79718915;66.0;726
alpine;23590;516;HTML;113;1246;15.09718935;100.0;727
plyr;23586;382;JavaScript;88;2994;186.06385623333333;60.0;728
devtools;23579;261;TypeScript;84;3132;56.097157583333335;72.0;729
devtools;23579;261;TypeScript;84;3132;56.097189766666666;72.0;730
react-native-elements;23574;1184;TypeScript;84;2422;429.63052335;97.0;731
Signal-Android;23566;238;Java;0;4151;6.547190233333334;97.0;732
CheatSheetSeries;23562;682;Python;0;1588;55.647190450000004;90.0;733
BaseRecyclerViewAdapterHelper;23525;191;Kotlin;196;2573;226.83049111666665;85.0;734
BaseRecyclerViewAdapterHelper;23525;191;Kotlin;196;2573;226.83052403333335;85.0;735
hammer.js;23516;114;JavaScript;0;4073;5.697190916666667;74.0;736
hammer.js;23516;114;JavaScript;0;4073;5.697158;74.0;737
NewPipe;23504;1411;Java;125;2793;24.647191133333333;85.0;738
NewPipe;23504;1411;Java;125;2793;24.6471582;85.0;739
Vundle.vim;23490;86;Vim Script;0;4575;81.0471584;77.0;740
rollup;23359;1638;JavaScript;390;2905;263.4805267666667;86.0;741
Python-programming-exercises;23338;0;;0;3969;22.680526983333333;15.0;742
Hystrix;23332;672;Java;79;3811;345.63052718333336;67.0;743
professional-programming;23331;29;Python;0;2728;51.36386073333333;100.0;744
numpy;23331;9841;Python;98;4609;112.81386093333334;83.0;745
aos;23310;38;JavaScript;0;2849;53.2305278;53.0;746
docsify;23308;548;JavaScript;13;2349;312.11386135;83.0;747
flutter-go;23292;158;Dart;4;1570;488.31386155;0.0;748
RxSwift;23290;754;Swift;71;2942;165.68052843333334;99.0;749
DeepSpeed;23283;1390;Python;47;1190;3.530528633333333;55.0;750
tools;23282;2640;Rust;92;1162;157.03052885;92.0;751
mdb-ui-kit;23247;193;SCSS;27;3174;86.64719578333333;99.0;752
remix;23241;1956;TypeScript;110;913;115.01386266666667;84.0;753
dnSpy;23231;53;C#;1;2857;163.84719619999998;0.0;754
Web;23221;0;;0;2305;64.2971964;75.0;755
gitlabhq;23221;2227;Ruby;0;4225;714.4638632833334;0.0;756
docz;23220;365;TypeScript;127;1867;8.163863483333333;91.0;757
YesPlayMusic;23204;252;Vue;27;930;1.5805303666666668;72.0;758
awesome-swift;23201;1416;Ruby;0;3213;31.413863900000003;99.0;759
pkg;23177;171;JavaScript;41;2453;155.78053076666666;97.0;760
devise;23152;756;Ruby;19;4971;87.74719765;97.0;761
eShopOnContainers;23083;523;C#;11;2395;11.730531183333333;98.0;762
awesome-compose;23069;148;HTML;0;1169;17.84719805;39.0;763
go;23058;48;;0;3543;361.5305316;96.0;764
redash;23055;2680;Python;98;3468;112.34719846666667;77.0;765
CodeHub;23004;13;C#;4;3565;165.26386535;63.0;766
faas;22995;673;Go;163;2317;170.56386555;97.0;767
iTerm2-Color-Schemes;22991;271;Shell;0;4409;228.93053241666667;83.0;768
Mask_RCNN;22990;65;Python;3;2016;270.81386595;31.0;769
streisand;22963;527;Shell;0;3322;614.2471997;81.0;770
pure;22963;337;JavaScript;27;3657;299.13053281666663;99.0;771
taichi;22960;4839;C++;112;2345;88.23053323333333;72.0;772
ramda;22950;1282;JavaScript;27;3597;367.2472001166667;92.0;773
servo;22946;14503;;0;4096;711.1472005333333;71.0;774
discord.js;22946;3965;TypeScript;169;2817;67.83053364999999;98.0;775
spacemacs;22944;1658;Emacs Lisp;158;3783;1843.1305340666665;96.0;776
k3s;22932;2385;Go;530;1792;42.56386761666667;96.0;777
jax;22903;7112;Python;67;1645;60.04720115;73.0;778
awesome-sysadmin;22902;183;;0;3364;502.46386803333337;27.0;779
coder2gwy;22888;2;;0;848;768.5638682333333;18.0;780
ngrok;22862;34;Go;0;3690;263.2472017833333;74.0;781
Wox;22843;288;C#;38;3416;233.88053531666668;71.0;782
hosts;22842;429;Python;529;4032;24.730535533333335;97.0;783
PhotoSwipe;22802;76;JavaScript;17;4403;134.66386906666668;66.0;784
rufus;22795;0;C;75;4177;25.44720261666667;100.0;785
react-redux;22771;492;TypeScript;114;2847;29.28053615;99.0;786
viper;22765;287;Go;22;3312;173.88053635;54.0;787
architecture-components-samples;22745;216;Kotlin;0;2179;25.6138699;79.0;788
vapor;22741;1119;Swift;483;2656;119.88053678333334;94.0;789
pocketbase;22737;36;Go;71;296;90.46387031666667;95.0;790
glances;22699;526;Python;31;4162;40.64720386666667;88.0;791
coc.nvim;22694;683;TypeScript;82;1822;6.0805374;99.0;792
apollo;22668;9705;C++;11;2123;249.41387093333333;88.0;793
HowToLiveLonger;22653;9;;0;376;120.53053783333333;31.0;794
editor.js;22614;732;TypeScript;46;2707;14.313871366666666;65.0;795
lightning;22610;7481;Python;133;1488;13.33053825;90.0;796
eslint;22587;5481;JavaScript;291;3589;6.963871800000001;99.0;797
logrus;22566;399;Go;14;3480;287.69720533333333;99.0;798
sails;22561;538;JavaScript;40;4057;411.7638723;92.0;799
mostly-adequate-guide;22510;270;JavaScript;1;2913;399.33053918333337;74.0;800
guzzle;22499;897;PHP;54;4441;1695.8138727166665;99.0;801
algorithms;22491;429;Python;1;2352;25.24720626666667;64.0;802
90DaysOfDevOps;22479;270;Shell;2;487;10.397206466666667;94.0;803
ember.js;22460;7964;JavaScript;483;4355;2876.9305400166663;94.0;804
NativeScript;22460;3058;TypeScript;137;2979;225.46387356666668;86.0;805
octotree;22440;249;JavaScript;0;3275;176.99720711666666;95.0;806
redux-saga;22438;670;JavaScript;70;2706;977.6472073333333;99.0;807
stanford_alpaca;22424;6;Python;0;48;42.34720755;38.0;808
croc;22393;153;Go;139;2018;303.8805410833333;74.0;809
cascadia-code;22387;71;Python;17;1387;211.81387463333334;80.0;810
hub;22385;400;Go;60;4891;368.1305415166667;88.0;811
react-navigation;22378;1042;TypeScript;1000;2282;552.5305417166667;93.0;812
draft-js;22376;216;JavaScript;26;2624;24.330541916666668;55.0;813
blog;22369;1;;0;3289;41.33054213333333;33.0;814
Awesome;22343;206;;0;2523;92.23054233333333;64.0;815
idiomatic.js;22341;114;;0;4355;367.8805425333333;59.0;816
react-three-fiber;22340;489;TypeScript;58;1522;352.74720940000003;95.0;817
spleeter;22321;49;Python;2;1309;94.83054295000001;76.0;818
awesome-vscode;22320;242;JavaScript;0;2636;331.11387648333334;56.0;819
docker_practice;22301;252;Go;15;3156;26.463876683333336;99.0;820
tachiyomi;22283;1730;Kotlin;72;2759;56.8138769;94.0;821
GitHubDaily;22273;2;;0;1579;11.063877100000001;55.0;822
core-js;22263;223;JavaScript;223;3571;41.063877299999994;97.0;823
v2ray-core;22252;668;Go;66;1473;19.680544166666667;93.0;824
awesome-piracy;22248;182;HTML;0;1661;24.930544366666666;46.0;825
copilot-docs;22245;9;;0;551;62.897211250000005;0.0;826
sweetalert;22233;84;TypeScript;13;3131;235.63054478333333;77.0;827
mpv;22180;1525;C;82;3848;56.030544983333336;89.0;828
react-redux-links;22178;62;;0;2652;288.84721185;58.0;829
localForage;22165;268;JavaScript;26;3465;161.5805454;71.0;830
server;22149;18117;PHP;115;2520;5.747212266666667;87.0;831
netron;22146;1;JavaScript;2;4505;105.7805458;98.0;832
ML-From-Scratch;22113;9;Python;0;2272;254.54721266666667;53.0;833
openzeppelin-contracts;22109;1696;JavaScript;73;2460;92.71387955;91.0;834
wepy;22102;465;JavaScript;8;2355;410.94721308333334;84.0;835
flv.js;22082;20;JavaScript;15;2541;423.83054661666665;43.0;836
gson;22070;462;Java;6;2961;368.08054683333336;81.0;837
ipfs;22044;127;;0;3362;78.34721370000001;98.0;838
logseq;22025;2349;Clojure;122;1069;60.28054723333333;77.0;839
react-admin;22011;3940;TypeScript;286;2479;164.44721411666666;98.0;840
Telegram;21997;20;Java;80;3471;326.44721431666665;0.0;841
mocha;21986;1172;JavaScript;76;4434;9.180547866666666;91.0;842
chosen;21981;310;HTML;34;4392;367.9138814;90.0;843
intro.js;21974;392;HTML;34;3700;289.3472149333333;95.0;844
flow;21972;160;OCaml;292;3103;1065.54721515;75.0;845
polymer;21935;1071;HTML;115;3899;1552.9805486833332;99.0;846
leetcode;21920;856;Java;19;1684;1.2805488999999999;100.0;847
envoy;21916;14701;C++;123;2453;29.297215766666667;85.0;848
SwiftyJSON;21903;218;Swift;21;3235;396.1472159833333;84.0;849
github1s;21899;267;TypeScript;36;1411;456.21388285;72.0;850
annotated_deep_learning_paper_implementations;21891;75;Jupyter Notebook;0;975;21.680549733333333;83.0;851
algo;21887;321;Python;0;1676;364.74721665;18.0;852
autocomplete;21884;1233;TypeScript;1000;940;14.047216866666668;75.0;853
stb;21881;278;C;0;3259;242.5805504;88.0;854
jellyfin;21879;3294;C#;63;1600;53.247217283333335;84.0;855
react-starter-kit;21867;537;TypeScript;5;3298;443.93055081666665;100.0;856
go-patterns;21865;10;Go;0;2691;49.08055101666666;46.0;857
chinese-independent-developer;21855;151;;0;2044;25.647217899999998;97.0;858
homebridge;21841;299;TypeScript;33;3069;2.9805514333333334;99.0;859
fairseq;21832;191;Python;16;2067;139.1305516333333;77.0;860
RedisDesktopManager;21826;424;C++;87;3552;94.56388518333333;99.0;861
OpenBBTerminal;21806;2678;Python;23;858;94.01388538333335;90.0;862
windows95;21773;20;TypeScript;14;1708;416.78055225;46.0;863
DeepSpeech;21768;1338;C++;105;2520;11.463885800000002;95.0;864
python-telegram-bot;21760;1132;Python;103;2851;1.813886;99.0;865
zig;21751;5677;Zig;14;2821;11.3138862;74.0;866
iosched;21734;66;Kotlin;2;3313;693.2138864166667;77.0;867
setup-ipsec-vpn;21724;35;Shell;0;2667;306.59721995;100.0;868
MonitorControl;21720;185;Swift;23;2049;18.813886816666663;93.0;869
skywalking;21713;4079;Java;55;2728;4.597220366666666;99.0;870
ChatGLM-6B;21687;38;Python;0;45;9.9305539;72.0;871
react-bootstrap;21676;2579;TypeScript;51;3408;346.23055411666667;96.0;872
tdesktop;21664;1217;C++;623;3282;99.13055431666666;94.0;873
backstage;21657;10932;TypeScript;233;1189;39.480554516666665;91.0;874
howler.js;21606;127;JavaScript;24;3741;285.29722138333335;78.0;875
elixir;21577;6310;Elixir;128;4491;371.2138882666667;100.0;876
NLP-progress;21575;468;Python;3;1770;354.9805551333333;65.0;877
mediapipe;21575;55;C++;43;1414;65.24722200000001;90.0;878
penpot;21572;1741;Clojure;31;2676;61.497222216666664;76.0;879
openssl;21560;115;C;6;3754;35.41388908333333;78.0;880
notable;21549;25;;20;1587;265.5638892833333;57.0;881
zod;21547;334;TypeScript;74;1146;51.83055615;87.0;882
dragula;21525;57;JavaScript;0;2936;287.0305563666667;79.0;883
exa;21507;225;Rust;12;3262;23.9138899;70.0;884
scrollreveal;21476;32;JavaScript;0;3388;172.33055676666666;95.0;885
docker-cheat-sheet;21475;134;;0;3187;1440.9472236333334;81.0;886
vuepress;21473;777;JavaScript;21;1848;156.81389051666665;74.0;887
helix;21471;2380;Rust;22;1060;42.413890716666664;71.0;888
firecracker;21467;1903;Rust;63;2016;17.863890916666666;91.0;889
freqtrade;21466;4167;Python;70;2171;10.997224450000001;99.0;890
pumpkin-book;21457;46;;7;1587;149.44722465;77.0;891
micro;21456;579;Go;33;2603;84.73055819999999;65.0;892
react-motion;21440;144;JavaScript;4;2877;207.0305584;63.0;893
highlight.js;21429;1336;JavaScript;35;4499;34.19722526666667;96.0;894
srs;21423;328;C++;42;2920;18.563892133333333;85.0;895
libgdx;21413;2505;Java;9;3912;367.530559;94.0;896
fish-shell;21413;1612;C++;39;4004;120.98055921666668;93.0;897
passport;21406;51;JavaScript;0;4219;711.4472260833334;56.0;898
celery;21403;1996;Python;38;5116;82.51389296666666;89.0;899
wttr.in;21390;256;Python;0;2679;728.2138931666667;57.0;900
Hero;21369;117;Swift;38;2345;487.2638933833333;94.0;901
directus;21367;5386;TypeScript;260;3788;20.497226916666666;97.0;902
awesome-actions;21355;439;;0;1653;221.39722711666667;64.0;903
bitcoinbook;21353;436;AsciiDoc;3;3546;119.413894;81.0;904
libuv;21349;796;C;5;3435;41.8638942;93.0;905
table;21335;680;TypeScript;195;2380;291.86389440000005;96.0;906
javascript-testing-best-practices;21312;146;JavaScript;0;1393;514.3472279499999;24.0;907
api-guidelines;21280;162;;0;2480;367.36389481666663;53.0;908
vant;21244;4527;TypeScript;224;2199;63.34722835;99.0;909
DesignPatternsPHP;21222;279;PHP;0;4266;1942.1472285666666;99.0;910
pug;21217;501;JavaScript;22;4691;641.0972287666666;89.0;911
TDengine;21217;15780;C;94;1386;264.14722896666666;76.0;912
electron-react-boilerplate;21213;794;TypeScript;58;2901;172.89722918333334;97.0;913
validator.js;21213;702;JavaScript;10;4586;345.61389605;86.0;914
Kingfisher;21207;575;Swift;173;2943;88.78056291666667;93.0;915
locust;21205;634;Python;92;4452;17.98056313333333;99.0;916
WaveFunctionCollapse;21201;18;C#;1;2400;16.113896666666665;96.0;917
faiss;21201;134;C++;15;2270;17.930563533333334;85.0;918
homemade-machine-learning;21201;2;Jupyter Notebook;0;1638;222.48056375;56.0;919
aseprite;21190;173;C++;87;3173;19.197230616666666;59.0;920
termux-app;21186;136;Java;89;2743;50.0138975;87.0;921
awesome-datascience;21166;317;;5;3218;151.56389771666667;100.0;922
ChatGPT-Next-Web;21162;135;TypeScript;22;48;5.14723125;95.0;923
vegeta;21151;132;Go;63;3544;39.547231466666666;78.0;924
flink;21144;7541;Java;0;3246;40.19723166666667;0.0;925
gfwlist;21127;0;;0;2967;18.813898533333333;82.0;926
v8;21120;0;C++;0;3137;65.49723208333333;0.0;927
tornado;21087;890;Python;0;4978;110.34723228333334;89.0;928
v2rayNG;21085;126;Kotlin;152;1443;55.91389915;87.0;929
Rectangle;21051;196;Swift;72;1406;185.66389935;86.0;930
redisson;21050;325;Java;121;3393;329.7638995666667;93.0;931
turbo;21037;2451;Rust;216;569;95.6472331;69.0;932
dapr;21015;2684;Go;160;1408;108.31389996666667;88.0;933
CyberChef;20996;387;JavaScript;426;2341;39.56390016666667;67.0;934
normalizr;20983;98;JavaScript;26;3172;3234.3139003666665;0.0;935
dracula-theme;20983;84;;24;3469;245.43056725;97.0;936
autoprefixer;20963;274;JavaScript;193;3696;110.63056745;97.0;937
lens;20961;3807;TypeScript;283;1627;290.74723431666666;73.0;938
stablediffusion;20956;18;Python;0;155;24.0639012;28.0;939
masscan;20950;82;C;11;3560;568.2305680666667;33.0;940
rancher;20944;8099;Go;956;3093;187.19723493333333;93.0;941
refined-github;20937;2610;TypeScript;108;2628;9.730568666666667;96.0;942
trilium;20937;185;JavaScript;262;2165;44.930568466666664;73.0;943
hosts;20933;50;;0;2091;443.2972355333333;84.0;944
Sentinel;20891;462;Java;23;1849;363.99723573333335;74.0;945
games;20870;192;;0;4130;10.64723595;33.0;946
The-Art-Of-Programming-By-July-2nd;20820;254;C;0;3421;492.24723615000005;64.0;947
tips;20796;138;JavaScript;0;2843;167.56390301666667;50.0;948
wiki;20791;353;Vue;113;2445;120.04723655;98.0;949
flameshot;20787;785;C++;25;2178;259.4805700833333;81.0;950
the-swift-programming-language-in-chinese;20769;714;CSS;1;3250;51.71390361666667;97.0;951
IntelliJ-IDEA-Tutorial;20766;40;;0;2810;85.66390383333334;99.0;952
API-Security-Checklist;20762;114;;0;2119;55.4805707;72.0;953
gentelella;20746;164;HTML;7;2904;1534.5139042333333;94.0;954
awesome-deep-learning;20745;165;;0;3037;331.0472377666667;78.0;955
bazel;20730;502;Java;208;3241;3.7139046333333336;83.0;956
lux;20709;261;Go;79;1888;17.6805715;54.0;957
vnpy;20709;999;Python;56;2978;84.31390503333334;100.0;958
modern-cpp-tutorial;20705;105;C++;3;2442;54.247238583333335;96.0;959
react-native-web;20701;64;JavaScript;21;2879;279.69723898333336;97.0;960
jenkins;20701;5985;Java;256;4539;7.780572116666666;0.0;961
WeChatExtension-ForMac;20682;45;Objective-C;48;1463;221.93057251666667;51.0;962
security-guide-for-developers;20679;26;;0;2514;55.46390605;33.0;963
ExoPlayer;20668;548;Java;25;3240;463.3805729333333;93.0;964
awesome-falsehood;20633;91;;0;2422;29.280573133333334;96.0;965
en.javascript.info;20627;1898;HTML;0;2154;102.46390666666666;86.0;966
es6tutorial;20625;368;JavaScript;0;3294;451.2972402166667;100.0;967
nanoid;20610;166;JavaScript;1;2091;255.76390708333332;98.0;968
ink;20606;187;TypeScript;46;2145;17.38057395;89.0;969
js-cookie;20603;72;JavaScript;36;2961;191.38057415;100.0;970
SummaryOfLoanSuspension;20596;279;HTML;0;289;400.13057434999996;0.0;971
k9s;20572;351;Go;194;1553;101.19724123333334;73.0;972
generator-jhipster;20517;13127;TypeScript;25;3475;27.697241433333332;96.0;973
forem;20503;11997;Ruby;0;2356;368.5805749666667;89.0;974
kratos;20495;1232;Go;58;1568;365.49724183333336;90.0;975
ChromeAppHeroes;20491;7;JavaScript;0;1540;257.86390869999997;67.0;976
RevokeMsgPatcher;20473;6;C#;16;1376;128.08057556666665;91.0;977
Rocket;20461;14;Rust;54;2596;22.34724245;97.0;978
Aerial;20454;220;Swift;191;2740;745.2305759833333;93.0;979
delve;20451;1443;Go;24;3264;188.7305761833333;93.0;980
30-Days-Of-React;20444;10;JavaScript;0;940;183.46390973333334;26.0;981
winston;20435;497;JavaScript;17;4502;89.41390993333333;70.0;982
postgrest;20428;905;Haskell;56;3240;174.11391013333332;88.0;983
mpvue;20421;64;JavaScript;19;1877;409.06391033333335;75.0;984
PicGo;20408;15;TypeScript;47;1962;124.54724408333333;97.0;985
jumpserver;20408;4704;Python;170;3219;72.34724388333333;97.0;986
mxnet;20389;8838;C++;34;2919;848.2305776166667;81.0;987
go-micro;20379;1354;Go;321;3026;405.0972445;93.0;988
Babylon.js;20377;10348;TypeScript;245;3591;37.697244700000006;96.0;989
chatgpt-web;20349;139;Vue;42;77;0.8305783000000001;70.0;990
tippyjs;10902;155;JavaScript;89;2217;223.64719134999999;94.0;991
snabbdom;10899;459;TypeScript;11;2910;454.58052488333334;82.0;992
proton-native;10898;67;TypeScript;0;1983;262.56385843333334;84.0;993
rust-raspberrypi-OS-tutorials;10896;51;Rust;0;1853;154.9971919666667;97.0;994
ndb;10866;133;JavaScript;0;1742;276.11385885;68.0;995
mycli;10848;426;Python;0;2944;201.28052573333335;71.0;996
document-style-guide;10839;17;;0;2388;78.3471926;100.0;997
v2ray-rules-dat;10814;14;;1000;1234;184.0471928;99.0;998
hacker-roadmap;10806;22;;0;1851;44.597193016666665;89.0;999
laravel-admin;10800;817;PHP;70;2675;1648.7471932166666;96.0;1000
